-penguiBall,,factors
-uroShocked2,,tophat / tophop / treacherytophat
-penguiRoll,.gif,factors
-fluoSad2,,tophat / tophop / treacherytophat
-madoGrill2,.gif,tophat / tophop / treacherytophat
-minnaMoth,,tophat / tophop / treacherytophat
-souCigarette,.webp,starbits
-mumaBall,,starlitehi
-aruFrozen,,tophat / tophop / treacherytophat
-penguiBall2,,tophat / tophop / treacherytophat
-nasuFreakout,,starlitehi
-tsuba,,tophat / tophop / treacherytophat
-daveCry,,Tanjunebi
-irvTiny,,Tanjunebi
-ladyTiny,,Tanjunebi
-madoTiny,,Tanjunebi
-minnaTiny,,Tanjunebi
-monoeWAAAH,,Tanjunebi
-mumaTiny,,Tanjunebi
-nikoTiny,,Tanjunebi
-noeTiny,,Tanjunebi
-provostTiny,,Tanjunebi
-sabiTiny,,Tanjunebi
-shimiTiny,,Tanjunebi
-someTiny,,Tanjunebi
-aiSmonk,,MichiSan / michi_exiled
-monoeNom,,tophat / tophop / treacherytophat
-penguiBall3,,jackssrt
-souAddict,,starbits
-souMoldBaby,,starbits & goobert
-qiuGaa,,tophat / tophop / treacherytophat
-penguiHeart,,factors
-shadowBikerEvil,,tophat / tophop / treacherytophat & starbits
-minnaFinger,,anglerfishchef
-penguiBall4,,goobert
-fluoHappy,,goobert
-surimukiEyes,.webp,SamsungFridg
-tsubaNom,,tophat / tophop / treacherytophat
-uroTrue,,thatdolphin
-uroFalse,,thatdolphin
-uroDamn,,thatdolphin
-uroGlue,,thatdolphin
-fluoUnhappy,,goobert & starlitehi
-tsubaBaby,,MichiSan / michi_exiled
-fluoPat,.gif,SierpinskiSi / rovertclovert
-penguiSwing,,goobert
-tsubaScared,,tophat / tophop / treacherytophat
-fluoHappyRetro,,starlitehi
-fluoTiny,,Tanjunebi
-kuboTiny,,Tanjunebi
-totsuTiny,,Tanjunebi
-wormTiny,,Tanjunebi
-commandoTiny,,Tanjunebi
-tsubaPog,,MichiSan / michi_exiled
-poniTiny,,Tanjunebi
-monoeTiny,,Tanjunebi
-monokoTiny,,Tanjunebi
-musumeTiny,,Tanjunebi
-uroTinyFairy,,Tanjunebi
-sniperTooth,,umitsuki03
-noeThrow,,tophat / tophop / treacherytophat
-aleHit,,tophat / tophop / treacherytophat
-penguiRotateDeleted,,goobert
-uroRainbow2,,starlitehi
-uroEgg,.gif,goobert
-fluoPeace,,starlitehi
-fluoUnhappier,,goobert
-minnaGiggle,,Proton
-minnaNerd,,Proton
-minnaSalute,,Proton
-minnaLick,.gif,Snoocola
-tsuba2,,tophat / tophop / treacherytophat
-penguiSpinRainbow,.webp,goobert
-uroCool,,umitsuki03
-vitaminwolfStanding,,umitsuki03
-umiStare,,umitsuki03
-fluoBaby,,tophat / tophop / treacherytophat
-tsubaNom2,,MichiSan / michi_exiled
-umi,.webp,umitsuki03
-uroChef,,pizzaguy280
-danaeThumbsup,.gif,pizzaguy280
-tsuba3,.webp,starlitehi
-fluoFly,,tophat / tophop / treacherytophat
-minnaWheeze,.jpg,NoOne12345
-fluoKarakasa2,,tophat / tophop / treacherytophat
-minnaEgg,,Enna
-minnaTrue2,,Enna
-minnaFalse2,,Enna
-minnaDamn2,,Enna
-minnaHeadEmpty,,sKuLly#7423
-baldtsuki,.gif,Delly
-minnaDansen,.gif,Delly
-minnaYapping,.gif,Proton
-minnaEggSalute,,Enna & Twemoji & Unknown Editor (Hand Placement by goobert)
-oboe,,Kikiyama & Unknown Editor (Remake Edits by goobert)
-souThrow,.gif,tophat / tophop / treacherytophat
-minnaFire,,AnotherFran / friedchickenpollo
-minnaMew,,Pho / Phrot
-fluoPray2,,Pho / Phrot
-donTiny,, Tanjunebi & goobert
-minnaForehead,,Pho / Phrot
-monoeBaby,,starbits
-monokoBaby,,starbits
-minnaInSMW2,.gif,Roverkibb
-ceruSON,,umitsuki03
-umiPat,.gif,umitsuki03
-umiSoda,,umitsuki03
-shopkeeper,,umitsuki03
-sabiSillyLegs,,starlitehi
-fluoPop,.gif,klayfruit
-dannyHandsome,,MichiSan / michi_exiled
-honeyColon3C,,MillieAmp
-honey,,MillieAmp
-hotsauce100,,MillieAmp
-hotsauce,,MillieAmp
-honeyNyoron,,MillieAmp
-honeySmug,,MillieAmp
-hotsauceFlushed,,MillieAmp
-hotsauceShy,,MillieAmp
-umiJump,.gif,umitsuki03 & goobert
-minnaAlien,,anglerfishchef
-minnaJudge,,anglerfishchef
-minnaWine,,anglerfishchef
-souBaby2,,krevh / heartlungmachine
-souThing,,krevh / heartlungmachine
-nazrinna,,ZLD7 / zld1 & ZUN
-minnaJevil,.gif,youlinikki
-souBabyNaeNaeJump,.gif,starbits
-irvSmonk,,HABITSCAPES
-penguiBallSolarSystem,.gif,goobert & starbits
-minnaTired,.webp,Kaleida
-minnaLovestruck,,.ViViENNE
-minnaLonely,,.ViViENNE
-minnaHysterical,,.ViViENNE
-minnaGroove,.gif,.ViViENNE
-minnaPat,.gif,taechan / .angxelnet
-minnaPog,,mani / mechanicalmani
-minnaWoOw,,Shadok
-minnaSmonk2,,Zashiki / zero.spiral
-fluoFront,,Moucky2333
-minnaFront,,Moucky2333
-tsubaConfused,,umitsuki03
-scottWow,,umitsuki03
-umiCrowbar,,umitsuki03
-aHUH,,Mystycitty (Based On mumaHUH by ghaiza24)
-chieHUH,,Mystycitty (Based On mumaHUH by ghaiza24)
-fluoHUH,,Mystycitty (Based On mumaHUH by ghaiza24)
-kazukiHUH,,Mystycitty (Based On mumaHUH by ghaiza24)
-mimiHUH,,Mystycitty (Based On mumaHUH by ghaiza24)
-rustHUH,,Mystycitty (Based On mumaHUH by ghaiza24)
-sabiHUH,,Mystycitty (Based On mumaHUH by ghaiza24)
-smileHUH,,Mystycitty (Based On mumaHUH by ghaiza24)
-someHUH,,Mystycitty (Based On mumaHUH by ghaiza24)
-soleilHUH,,Mystycitty (Based On mumaHUH by ghaiza24)
-souHUH,,Mystycitty (Based On mumaHUH by ghaiza24)
-tatsHUH,,Mystycitty (Based On mumaHUH by ghaiza24)
-uroHUH,,Mystycitty (Based On mumaHUH by ghaiza24)
-tsubaHUH,,tophat / tophop / treacherytophat
-tsubaHUH2,,tophat / tophop / treacherytophat
-tsubaBabyTornado,.gif,MichiSan / michi_exiled & Goobert
-starSmonk,,NoOne12345
-tsubaHappy,,tophat / tophop / treacherytophat
-itsuHappy,,goobert
-starCheese,,NoOne12345
-starDamn1,,NoOne12345
-starDamn2,,NoOne12345
-starRelax,,NoOne12345
-starRose,,NoOne12345
-starTea,,NoOne12345
-someHappy,,starbits
-uboaConcern,,klayfruit
-penguiBallReducedToAnAbstractConcept,,tophat / tophop / treacherytophat
-sheepHappy,,Blunagi / dragonfish28
-sheepLaugh,.gif,Blunagi / dragonfish28
-puniDango,,Paraverdant
-tsubaShrug,,tophat / tophop / treacherytophat
-ladyHug,,tophat / tophop / treacherytophat
-wormBuryNice,,Sometsu / sometsuki
-ladyLOL,,sKuLly#7423
-ladySmile,,sKuLly#7423
-uroWolf,, ds / discographic
-sabiSmonk3,,YOMAMATRON
-mumaBald,,TheRagingRowlet
-mumaSqueeze,,何もない / horadrichamburger
-noranekoCheese,,Ticks / ticks.net
-noranekoCRY,,Ticks / ticks.net
-noranekoCry,,Ticks / ticks.net
-noranekoDizzy,,Ticks / ticks.net
-noranekoEVIL,,Ticks / ticks.net
-noranekoNyanHug,,Ticks / ticks.net
-noranekoPat,,Ticks / ticks.net
-noraneko,,Ticks / ticks.net
-noranyanStare,,Ticks / ticks.net
-noranyanSweat,,Ticks / ticks.net
-uroCrossing,.gif,Ticks / ticks.net
-uroFlowerBee,,Ticks / ticks.net
-uroRainbowYay,,Ticks / ticks.net
-uroShocked3,,Ticks / ticks.net
-baneSmonk,,SierpinskiSi / rovertclovert
-bat2kkiSmonk,,SierpinskiSi / rovertclovert
-danaeSmonk,,SierpinskiSi / rovertclovert
-dogboaSmonk,,SierpinskiSi / rovertclovert
-fcSmonk,,SierpinskiSi / rovertclovert
-fluoSmonk3,,SierpinskiSi / rovertclovert
-gakuranSmonk,,SierpinskiSi / rovertclovert
-halSmonk,,SierpinskiSi / rovertclovert
-irvSmonk2,,SierpinskiSi / rovertclovert
-itsuSmonk,,SierpinskiSi / rovertclovert
-jimboSmonk,,SierpinskiSi / rovertclovert
-keygirlSmonk,,SierpinskiSi / rovertclovert
-kuboSmonk,,SierpinskiSi / rovertclovert
-kyuuSmonk,,SierpinskiSi / rovertclovert
-ladySmonk,,SierpinskiSi / rovertclovert
-madoSmonk2,,SierpinskiSi / rovertclovert
-mariSmonk,,SierpinskiSi / rovertclovert
-masadaSmonk,,SierpinskiSi / rovertclovert
-mikanSmonk,,SierpinskiSi / rovertclovert
-monSmonk,,SierpinskiSi / rovertclovert
-monoeSmonk,,SierpinskiSi / rovertclovert
-monokoSmonk,,SierpinskiSi / rovertclovert
-mumaSmonk,,SierpinskiSi / rovertclovert
-musumeSmonk,,SierpinskiSi / rovertclovert
-nasuSmonk,,SierpinskiSi / rovertclovert
-nineSmonk,,SierpinskiSi / rovertclovert
-noeSmonk,,SierpinskiSi / rovertclovert
-novaSmonk2,,SierpinskiSi / rovertclovert
-octoSmonk,,SierpinskiSi / rovertclovert
-ookamiSmonk,,SierpinskiSi / rovertclovert
-painterSmonk,,SierpinskiSi / rovertclovert
-poniSmonk,,SierpinskiSi / rovertclovert
-provostSmonk,,SierpinskiSi / rovertclovert
-qiuSmonk,,SierpinskiSi / rovertclovert
-sabiSmonk2,,SierpinskiSi / rovertclovert
-scarfSmonk,,SierpinskiSi / rovertclovert
-shimoSmonk,,SierpinskiSi / rovertclovert
-sleepSmonk,,SierpinskiSi / rovertclovert
-smileSmonk,,SierpinskiSi / rovertclovert
-someSmonk,,SierpinskiSi / rovertclovert
-souSmonk,,SierpinskiSi / rovertclovert
-sweetsSmonk,,SierpinskiSi / rovertclovert
-takoSmonk,,SierpinskiSi / rovertclovert
-toriningenSmonk,,SierpinskiSi / rovertclovert
-uroSmonk2,,SierpinskiSi / rovertclovert
-wormSmonk,,SierpinskiSi / rovertclovert
-yukataSmonk,,SierpinskiSi / rovertclovert
-yukiSmonk,,SierpinskiSi / rovertclovert
-minnaClap,.gif,Bunia / bunianian
-madoWega,,AnotherFran / friedchickenpollo
-uroltigi,,AnotherFran / friedchickenpollo
-madoBald,.gif,Kikiyama & Cauliflower / @CalefIower
-tsubaSmonk,,tophat / tophop / treacherytophat
-tsubaSmonk2,,tophat / tophop / treacherytophat
-madoBaby2,,Cauliflower / @CalefIower
-monoeEyes,,Kikiyama & Cauliflower / @CalefIower
-sabiBaby2,,Cauliflower / @CalefIower
-uroBaby2,,Cauliflower / @CalefIower
-uroFairyLove,,Clohee / deluream
-iroFront,,Moucky2333
-makiFront,,Moucky2333
-motaFront,,Moucky2333
-reshnFront,,Moucky2333
-sakiFront,,Moucky2333
-tsubaFinger,,tophat / tophop / treacherytophat
-monoeFinger,,starbits
-dracSmonk,, FlauiPuk / flaui_pukalnyj
-minnaEggCrack,,Enna
-madoFingers,,SnugBoat / Andrew
-umiPoo,,umitsuki03
-don,,MichiSan / michi_exiled
-donShit,,MichiSan / michi_exiled
-madoJordans,,Madogamer
-madoBaby3,,starbits
-greendogFace,,starlitehi
-shimiDespair,,starlitehi
-uroYay,,toki
-monkeymarquis,,umitsuki03
-someWuh,,cheese / countrymaus
-uroCoffee,,Frogflow
-souCinema,,Catsalotl
-penguiBallTeeth,,Catsalotl
-zalgoSoy,,MichiSan / michi_exiled
-2kkiSignSmonk,,SierpinskiSi / rovertclovert
-aztecSmonk,,SierpinskiSi / rovertclovert
-batSmonk,,SierpinskiSi / rovertclovert
-eyeSmonk,,SierpinskiSi / rovertclovert
-hakakoSmonk,,SierpinskiSi / rovertclovert
-jellySmonk,,SierpinskiSi / rovertclovert
-leifSmonk,,SierpinskiSi / rovertclovert
-marsSmonk,,SierpinskiSi / rovertclovert
-namekujiSmonk,,SierpinskiSi / rovertclovert
-oSmonk,,SierpinskiSi / rovertclovert
-painSmonk,,SierpinskiSi / rovertclovert
-piderSmonk,,SierpinskiSi / rovertclovert
-puniSmonk,,SierpinskiSi / rovertclovert
-shitaiSmonk,,SierpinskiSi / rovertclovert
-tokutoSmonk,,SierpinskiSi / rovertclovert
-towelSmonk,,SierpinskiSi / rovertclovert
-uboaSmonk,,SierpinskiSi / rovertclovert
-itsuBald2,,Pho / Phrot
-sisterGeniePeace,.gif,Pho / Phrot
-souGentlemen,,Pho / Phrot
-uroKick,,Pho / Phrot
-uroStare3,,Pho / Phrot
-wormBeer,,Pho / Phrot
-wormJuice,,Pho / Phrot
-nini,,starlitehi
-uroSmiley,,Paraverdant
-umiExist,,umitsuki03
-tsugiSmonk,,umitsuki03
-toxicSmonk,, aronek / rena / fearshot
-ceruSmonk,,umitsuki03
-tsubaSmonk3,,MichiSan / michi_exiled
-bunnyCollectiveClaw,.webp,taechan / .angxelnet
-bunnystatueTransform,.webp,taechan / .angxelnet
-bunnyTwins,,taechan / .angxelnet
-dustbunnyBounce,.webp,taechan / .angxelnet
-ghostCollectiveWind,.webp,taechan / .angxelnet
-hadieCigarette,.webp,taechan / .angxelnet
-kibbyRat,.webp,taechan / .angxelnet
-kibbyStare,,taechan / .angxelnet
-ladyClap,.webp,taechan / .angxelnet
-serpentWiggle,.webp,taechan / .angxelnet
-sniperCat,.webp,taechan / .angxelnet
-sniperCuffs,,taechan / .angxelnet
-stickmanDance,.webp,taechan / .angxelnet
-stickmanPose,,taechan / .angxelnet
-uroJam,.webp,taechan / .angxelnet
-uroWolfRainbow,,taechan / .angxelnet
-uroWolfRainbow2,.webp,taechan / .angxelnet
-minnaphus,,MichiSan / michi_exiled
-uroCone,,tophat / tophop / treacherytophat
-minnaBaby,,tophat / tophop / treacherytophat
-minnaBaby2,,tophat / tophop / treacherytophat
-minnaBaby3,.gif,kekwet
-penguiSlide,.gif,tophat / tophop / treacherytophat
-madoBeer,,runnerdude127
-madoCaterpillar,,runnerdude127
-madoHeart,,runnerdude127
-madoMad,,runnerdude127
-madoTired,,runnerdude127
-madoBunny,,runnerdude127
-madoFat,,runnerdude127
-madoIceCream,,runnerdude127
-madoPeace,,runnerdude127
-umiMask,,umitsuki03
-madoDance,,runnerdude127
-madoEat,,runnerdude127
-madoFish,,runnerdude127
-totsuJoy,,umitsuki03
